Designator,Footprint,Quantity,Value,LCSC Part #
J21,PinHeader_2x03_P2.54mm_Vertical_SMD,1,B-2100N06P-B111,
IC13,SOP65P488X107-8N,1,PE4250MLI-Z,
IC12,SOP65P488X107-8N,1,PE4250MLI-Z,
IC11,SOP65P488X107-8N,1,PE4250MLI-Z,
IC10,SOP65P488X107-8N,1,PE4250MLI-Z,
R156,R_0603_1608Metric_Pad0.98x0.95mm_HandSolder,1,27,
JP11,SolderJumper-2_P1.3mm_Bridged_RoundedPad1.0x1.5mm,1,sjp,
C28,C_0805_2012Metric,1,0.1uF,
J20,PinHeader_2x03_P2.54mm_Vertical_SMD,1,B-2100N06P-B111,
R155,R_0603_1608Metric_Pad0.98x0.95mm_HandSolder,1,27,
R154,R_0603_1608Metric_Pad0.98x0.95mm_HandSolder,1,27,
TP4,TestPoint_Pad_D1.0mm,1,tp,
TP3,TestPoint_Pad_D1.0mm,1,tp,
R153,R_0805_2012Metric,1,0,
TP2,TestPoint_Pad_D1.0mm,1,tp,
TP1,TestPoint_Pad_D1.0mm,1,tp,
C27,C_0603_1608Metric_Pad1.08x0.95mm_HandSolder,1,0.1uF,
R152,R_0805_2012Metric,1,0,
C26,C_0603_1608Metric_Pad1.08x0.95mm_HandSolder,1,0.1uF,
C25,C_0603_1608Metric_Pad1.08x0.95mm_HandSolder,1,0.1uF,
R151,R_0805_2012Metric,1,0,
JP14,SolderJumper-2_P1.3mm_Open_RoundedPad1.0x1.5mm,1,sjp,
R150,R_0805_2012Metric,1,330,
R149,R_0805_2012Metric,1,150,
R148,R_0805_2012Metric,1,0,
J19,U.FL_Hirose_U.FL-R-SMT-1_Vertical,1,u.fl,
J18,U.FL_Hirose_U.FL-R-SMT-1_Vertical,1,u.fl,
C24,C_0603_1608Metric_Pad1.08x0.95mm_HandSolder,1,0.1uF,
C23,C_0603_1608Metric_Pad1.08x0.95mm_HandSolder,1,0.1uF,
C22,C_0805_2012Metric,1,dnp,
U22,SOIC-8_3.9x4.9mm_P1.27mm,1,OPA388,
R59,R_0805_2012Metric,1,100,
R58,R_0805_2012Metric,1,10k,
R57,R_0805_2012Metric,1,10k,
C21,C_0603_1608Metric_Pad1.08x0.95mm_HandSolder,1,0.1uF,
C20,C_1210_3225Metric,1,ECPU1C105MA5,
C19,C_0805_2012Metric,1,dnp,
C18,C_0805_2012Metric,1,dnp,
U9,SOIC-14_3.9x8.7mm_P1.27mm,1,74HC04,
U21,SOIC-14_3.9x8.7mm_P1.27mm,1,MAX5719xSD,
R56,R_0603_1608Metric_Pad0.98x0.95mm_HandSolder,1,27,
R55,R_0603_1608Metric_Pad0.98x0.95mm_HandSolder,1,27,
R54,R_0603_1608Metric_Pad0.98x0.95mm_HandSolder,1,27,
R53,R_0603_1608Metric_Pad0.98x0.95mm_HandSolder,1,27,
Y1,Crystal_SMD_SeikoEpson_TSX3225-4Pin_3.2x2.5mm,1,X32258MOB4SI,
U13,SOIC-8_3.9x4.9mm_P1.27mm,1,THS4281,
U12,SOIC-8_3.9x4.9mm_P1.27mm,1,ADR421ARZ,
U11,SOIC-8_3.9x4.9mm_P1.27mm,1,OPA388,
U10,SOIC-8_3.9x4.9mm_P1.27mm,1,ADA4841-2,
U8,SOIC-14_3.9x8.7mm_P1.27mm,1,MAX5719xSD,
U1,LQFP-64_10x10mm_P0.5mm,1,CH32V307RCT6,
S_RESET1,SW_SPST_B3U-1000P,1,GT-TC032A-H015-L1,
S_BOOT1,SW_SPST_B3U-1000P,1,GT-TC032A-H015-L1,
RV1,Potentiometer_Bourns_3224W_Vertical,1,dnp,
R147,R_0805_2012Metric,1,1k,
R146,R_0805_2012Metric,1,100k,
R145,R_0805_2012Metric,1,33k,
R144,R_0805_2012Metric,1,470k,
R143,R_0805_2012Metric,1,15k,
R142,R_0805_2012Metric,1,33k,
R141,R_0805_2012Metric,1,470k,
R137,R_0805_2012Metric,1,0,
R136,R_0805_2012Metric,1,10k,
R135,R_0805_2012Metric,1,1k,
R134,R_0805_2012Metric,1,10k,
R133,R_0805_2012Metric,1,10k,
R132,R_0805_2012Metric,1,10k,
R131,R_0805_2012Metric,1,1k,
R130,R_0805_2012Metric,1,10,
R129,R_0805_2012Metric,1,10,
R128,R_0805_2012Metric,1,1k,
R127,R_0805_2012Metric,1,1k,
R126,R_0805_2012Metric,1,390,
R125,R_0805_2012Metric,1,390,
R124,R_0805_2012Metric,1,560,
R123,R_0805_2012Metric,1,560,
R122,R_0805_2012Metric,1,0,
R121,R_0805_2012Metric,1,10,
R120,R_0805_2012Metric,1,10,
R119,R_0805_2012Metric,1,100,
R118,R_0805_2012Metric,1,100,
R117,R_0805_2012Metric,1,dnp,
R116,R_0805_2012Metric,1,dnp,
R115,R_0805_2012Metric,1,10,
R114,R_0805_2012Metric,1,10,
R113,R_0805_2012Metric,1,1k,
R112,R_0805_2012Metric,1,1k,
R111,R_0805_2012Metric,1,390,
R110,R_0805_2012Metric,1,390,
R109,R_0805_2012Metric,1,560,
R108,R_0805_2012Metric,1,560,
R107,R_0805_2012Metric,1,0,
R41,R_0603_1608Metric_Pad0.98x0.95mm_HandSolder,1,27,
R40,R_0603_1608Metric_Pad0.98x0.95mm_HandSolder,1,27,
R39,R_0603_1608Metric_Pad0.98x0.95mm_HandSolder,1,27,
R38,R_0603_1608Metric_Pad0.98x0.95mm_HandSolder,1,27,
R37,R_0603_1608Metric_Pad0.98x0.95mm_HandSolder,1,27,
R36,R_0603_1608Metric_Pad0.98x0.95mm_HandSolder,1,27,
R35,R_0603_1608Metric_Pad0.98x0.95mm_HandSolder,1,27,
R34,R_0603_1608Metric_Pad0.98x0.95mm_HandSolder,1,27,
R33,R_0603_1608Metric_Pad0.98x0.95mm_HandSolder,1,27,
R32,R_0603_1608Metric_Pad0.98x0.95mm_HandSolder,1,27,
R31,R_0603_1608Metric_Pad0.98x0.95mm_HandSolder,1,27,
R30,R_0603_1608Metric_Pad0.98x0.95mm_HandSolder,1,27,
R29,R_0603_1608Metric_Pad0.98x0.95mm_HandSolder,1,27,
R28,R_0603_1608Metric_Pad0.98x0.95mm_HandSolder,1,27,
R27,R_0603_1608Metric_Pad0.98x0.95mm_HandSolder,1,27,
R26,R_0603_1608Metric_Pad0.98x0.95mm_HandSolder,1,27,
R25,R_0603_1608Metric_Pad0.98x0.95mm_HandSolder,1,27,
R24,R_0603_1608Metric_Pad0.98x0.95mm_HandSolder,1,27,
R23,R_0603_1608Metric_Pad0.98x0.95mm_HandSolder,1,27,
R22,R_0603_1608Metric_Pad0.98x0.95mm_HandSolder,1,10k,
R21,R_0603_1608Metric_Pad0.98x0.95mm_HandSolder,1,10k,
R20,R_0603_1608Metric_Pad0.98x0.95mm_HandSolder,1,10k,
R19,R_0603_1608Metric_Pad0.98x0.95mm_HandSolder,1,4k7,
R18,R_0603_1608Metric_Pad0.98x0.95mm_HandSolder,1,4k7,
R17,R_0603_1608Metric_Pad0.98x0.95mm_HandSolder,1,4k7,
R16,R_0603_1608Metric_Pad0.98x0.95mm_HandSolder,1,4k7,
R15,R_0603_1608Metric_Pad0.98x0.95mm_HandSolder,1,47k,
R14,R_0603_1608Metric_Pad0.98x0.95mm_HandSolder,1,47k,
R13,R_0603_1608Metric_Pad0.98x0.95mm_HandSolder,1,47k,
R12,R_0603_1608Metric_Pad0.98x0.95mm_HandSolder,1,47k,
R11,R_0603_1608Metric_Pad0.98x0.95mm_HandSolder,1,47k,
R10,R_0603_1608Metric_Pad0.98x0.95mm_HandSolder,1,27,
R9,R_0603_1608Metric_Pad0.98x0.95mm_HandSolder,1,27,
R8,R_0603_1608Metric_Pad0.98x0.95mm_HandSolder,1,27,
R7,R_0603_1608Metric_Pad0.98x0.95mm_HandSolder,1,27,
R6,R_0603_1608Metric_Pad0.98x0.95mm_HandSolder,1,27,
R5,R_0603_1608Metric_Pad0.98x0.95mm_HandSolder,1,27,
R4,R_0603_1608Metric_Pad0.98x0.95mm_HandSolder,1,27,
R3,R_0603_1608Metric_Pad0.98x0.95mm_HandSolder,1,27,
R2,R_0603_1608Metric_Pad0.98x0.95mm_HandSolder,1,27,
R1,R_0603_1608Metric_Pad0.98x0.95mm_HandSolder,1,10k,
L12,L_Taiyo-Yuden_MD-3030,1,SWPA3012S100MT,
L11,L_Taiyo-Yuden_MD-3030,1,SWPA3012S100MT,
JP12,SolderJumper-2_P1.3mm_Open_RoundedPad1.0x1.5mm,1,sjp,
JP10,SolderJumper-2_P1.3mm_Open_RoundedPad1.0x1.5mm,1,sjp,
JP9,SolderJumper-2_P1.3mm_Open_RoundedPad1.0x1.5mm,1,sjp,
JP8,SolderJumper-3_P1.3mm_Open_RoundedPad1.0x1.5mm,1,sjp,
JP7,SolderJumper-3_P1.3mm_Open_RoundedPad1.0x1.5mm,1,sjp,
JP1,PinHeader_1x03_P2.00mm_Vertical,1,Jumper_3_Open,
J28,U.FL_Hirose_U.FL-R-SMT-1_Vertical,1,Conn_Coaxial,
J27,U.FL_Hirose_U.FL-R-SMT-1_Vertical,1,Conn_Coaxial,
J26,U.FL_Hirose_U.FL-R-SMT-1_Vertical,1,Conn_Coaxial,
J25,PinHeader_1x04_P2.54mm_Vertical,1,Conn_01x04,
J24,SMA_Amphenol_132134_Vertical,1,Conn_Coaxial,
J23,SMA_Amphenol_132134_Vertical,1,Conn_Coaxial,
J16,SMA_Amphenol_132134_Vertical,1,Conn_Coaxial,
J7,PinHeader_1x08_P1.27mm_Vertical,1,Conn_01x08,
J6,U.FL_Hirose_U.FL-R-SMT-1_Vertical,1,Clock_in,
J5,PinHeader_1x06_P2.54mm_Vertical,1,debug,
J3,SMA_Amphenol_132134_Vertical,1,Conn_Coaxial,
J2,MICRO-USB-SMD_U254-051T-4BH83-S1S,1,U254-051T-4BH83-S1S,
J1,MICRO-USB-SMD_U254-051T-4BH83-S1S,1,U254-051T-4BH83-S1S,
IC16,SOP65P490X110-9N,1,LT3085EMS8E#TRPBF,
IC15,SOP65P490X110-13N,1,LT3090EMSE#PBF,
IC14,SOP65P490X110-9N,1,LT3085EMS8E#TRPBF,
IC9,SOP65P490X110-8N,1,LTC6655BHMS8-4.096#PBF,
IC8,SOP50P490X110-10N,1,ADS8863IDGS,
IC7,SOIC127P600X175-8N,1,THS4521IDR,
IC6,SOP50P490X110-10N,1,ADS8863IDGS,
IC5,SOIC127P600X175-8N,1,THS4521IDR,
F2,Fuse_0603_1608Metric_Pad1.05x0.95mm_HandSolder,1,0467.375NRHF,
F1,Fuse_0603_1608Metric_Pad1.05x0.95mm_HandSolder,1,0467.375NRHF,
D14,D_SOD-123F,1,B5819W SL,
D13,D_SOD-123F,1,B5819W SL,
D12,D_SOD-123F,1,B5819W SL,
D2,D_SOD-123,1,B5819W,
D1,D_SOD-123,1,B5819W,
C157,CP_EIA-3528-15_AVX-H,1,tant 10uF,
C156,C_1206_3216Metric,1,4.7uF,
C155,CP_EIA-3528-15_AVX-H,1,tant 10uF,
C154,C_1206_3216Metric,1,1uF,
C153,C_1206_3216Metric,1,4.7uF,
C152,C_0805_2012Metric,1,0.1uF,
C151,C_1206_3216Metric,1,1uF,
C150,C_0805_2012Metric,1,0.1uF,
C149,C_1206_3216Metric,1,dnp,
C148,C_1206_3216Metric,1,dnp,
C147,CP_EIA-3528-15_AVX-H,1,tant 10uF,
C146,C_1206_3216Metric,1,4.7uF,
C145,C_1206_3216Metric,1,1uF,
C144,C_0805_2012Metric,1,0.1uF,
C143,C_1206_3216Metric,1,dnp,
C142,C_0805_2012Metric,1,0.1uF,
C141,C_0805_2012Metric,1,0.1uF,
C140,C_1206_3216Metric,1,1uF,
C139,C_1206_3216Metric,1,1uF,
C138,C_1206_3216Metric,1,4.7uF,
C137,C_1206_3216Metric,1,4.7uF,
C136,CP_EIA-3528-15_AVX-H,1,tant 10uF,
C135,CP_EIA-3528-15_AVX-H,1,tant 10uF,
C134,C_0805_2012Metric,1,0.1uF,
C133,C_0805_2012Metric,1,0.1uF,
C132,C_1206_3216Metric,1,4.7uF,
C131,C_1206_3216Metric,1,4.7uF,
C119,CP_EIA-3528-12_Kemet-T,1,C_Polarized,
C118,C_0805_2012Metric,1,0.1u,
C117,C_0805_2012Metric,1,dnp,
C116,CP_EIA-3528-12_Kemet-T,1,C_Polarized,
C115,CP_EIA-3528-12_Kemet-T,1,TAJA106K016RNJ,
C114,C_0805_2012Metric,1,0.1u,
C113,C_0805_2012Metric,1,0.1u,
C112,CP_EIA-3528-12_Kemet-T,1,C_Polarized,
C111,C_0603_1608Metric_Pad1.08x0.95mm_HandSolder,1,0.1uF,
C110,C_1210_3225Metric,1,ECPU1C105MA5,
C109,C_0603_1608Metric_Pad1.08x0.95mm_HandSolder,1,0.1uF,
C108,C_0805_2012Metric,1,0.1u,
C107,C_1210_3225Metric,1,ECPU1C105MA5,
C106,CP_EIA-3528-12_Kemet-T,1,C_Polarized,
C105,C_1210_3225Metric,1,ECPU1C105MA5,
C104,C_0603_1608Metric_Pad1.08x0.95mm_HandSolder,1,0.1uF,
C103,C_0805_2012Metric,1,1uF,
C102,C_0603_1608Metric_Pad1.08x0.95mm_HandSolder,1,0.1uF,
C100,C_0805_2012Metric,1,10nF C0G,
C99,C_0603_1608Metric_Pad1.08x0.95mm_HandSolder,1,0.1uF,
C98,C_0805_2012Metric,1,1nF C0G,
C97,C_0805_2012Metric,1,1nF C0G,
C96,C_0603_1608Metric_Pad1.08x0.95mm_HandSolder,1,dnp,
C95,C_0603_1608Metric_Pad1.08x0.95mm_HandSolder,1,dnp,
C94,C_0805_2012Metric,1,2.2nF C0G,
C93,C_0603_1608Metric_Pad1.08x0.95mm_HandSolder,1,0.1uF,
C92,C_0603_1608Metric_Pad1.08x0.95mm_HandSolder,1,0.1uF,
C91,C_0805_2012Metric,1,100pF,
C90,C_0805_2012Metric,1,100pF,
C89,C_0603_1608Metric_Pad1.08x0.95mm_HandSolder,1,0.1uF,
C88,C_0603_1608Metric_Pad1.08x0.95mm_HandSolder,1,0.1uF,
C87,C_0603_1608Metric_Pad1.08x0.95mm_HandSolder,1,0.1uF,
C86,C_0603_1608Metric_Pad1.08x0.95mm_HandSolder,1,0.1uF,
C85,C_0603_1608Metric_Pad1.08x0.95mm_HandSolder,1,0.1uF,
C84,C_0805_2012Metric,1,1uF,
C83,C_0603_1608Metric_Pad1.08x0.95mm_HandSolder,1,0.1uF,
C81,C_0805_2012Metric,1,10nF C0G,
C80,C_0603_1608Metric_Pad1.08x0.95mm_HandSolder,1,0.1uF,
C79,C_0805_2012Metric,1,1nF C0G,
C78,C_0805_2012Metric,1,1nF C0G,
C77,C_0603_1608Metric_Pad1.08x0.95mm_HandSolder,1,dnp,
C76,C_0603_1608Metric_Pad1.08x0.95mm_HandSolder,1,dnp,
C75,C_0805_2012Metric,1,2.2nF C0G,
C6,C_0603_1608Metric_Pad1.08x0.95mm_HandSolder,1,X7R 0.1u,
C5,C_0603_1608Metric_Pad1.08x0.95mm_HandSolder,1,10p,
C4,C_0603_1608Metric_Pad1.08x0.95mm_HandSolder,1,10p,
C3,C_0603_1608Metric_Pad1.08x0.95mm_HandSolder,1,10p,
C2,C_0603_1608Metric_Pad1.08x0.95mm_HandSolder,1,X7R 0.1u,
C1,C_0603_1608Metric_Pad1.08x0.95mm_HandSolder,1,10p,
C73,C_0805_2012Metric,1,0.1uF,
C72,C_0805_2012Metric,1,0.1uF,
C71,C_0805_2012Metric,1,0.1uF,
C70,C_0805_2012Metric,1,0.1uF,
J30,PinHeader_1x06_P2.54mm_Vertical,1,Conn_01x06,
J29,PinHeader_1x04_P2.54mm_Vertical,1,Conn_01x04,
C129,C_0603_1608Metric_Pad1.08x0.95mm_HandSolder,1,0.1uF,
C128,C_0603_1608Metric_Pad1.08x0.95mm_HandSolder,1,0.1uF,
C127,C_0603_1608Metric_Pad1.08x0.95mm_HandSolder,1,0.1uF,
C126,C_0603_1608Metric_Pad1.08x0.95mm_HandSolder,1,0.1uF,
FB1,L_0805_2012Metric_Pad1.15x1.40mm_HandSolder,1,GZ2012D601TF,
C30,C_0805_2012Metric,1,150p,
C31,C_0805_2012Metric,1,150p,
C32,C_1206_3216Metric,1,1u,
C34,C_1206_3216Metric,1,1u,
C35,C_0603_1608Metric_Pad1.08x0.95mm_HandSolder,1,0.1u,
C52,C_1206_3216Metric,1,1u,
C53,C_0805_2012Metric,1,0.1u,
C55,C_0603_1608Metric_Pad1.08x0.95mm_HandSolder,1,0.1u,
C59,C_1206_3216Metric,1,1u,
C60,C_1206_3216Metric,1,1u,
C61,C_0805_2012Metric,1,1uF,
C62,C_0603_1608Metric_Pad1.08x0.95mm_HandSolder,1,0.1uF,
C66,CP_EIA-3528-12_Kemet-T,1,TAJA106K016RNJ,
C67,CP_EIA-3528-12_Kemet-T,1,TAJA106K016RNJ,
C69,C_0603_1608Metric,1,10p,
C121,C_1206_3216Metric,1,1u,
C122,C_0805_2012Metric,1,0.1u,
C123,C_1206_3216Metric,1,1u,
C124,C_0603_1608Metric_Pad1.08x0.95mm_HandSolder,1,0.1u,
C125,C_1206_3216Metric,1,1u,
J11,SMA_Amphenol_132134-10_Vertical,1,SMA,
J12,SMA_Amphenol_132134-10_Vertical,1,SMA,
J13,21187222_RF_shield,1,RFShield_OnePiece,
J14,21187222_RF_shield,1,RFShield_OnePiece,
J17,SMA_Amphenol_132134-10_Vertical,1,SMA,
J22,PinHeader_1x06_P2.54mm_Vertical,1,mux,
L3,L_1008_2520Metric,1,FHW0805UCR47JGT,
L4,L_1008_2520Metric,1,FHW1008UCR47JGT,
L5,L_Taiyo-Yuden_MD-3030,1,SWPA3012S4R7MT,
R66,R_0603_1608Metric_Pad0.98x0.95mm_HandSolder,1,560,
R67,R_0603_1608Metric_Pad0.98x0.95mm_HandSolder,1,220,
R68,R_0603_1608Metric_Pad0.98x0.95mm_HandSolder,1,1.5k,
R69,R_0603_1608Metric_Pad0.98x0.95mm_HandSolder,1,150,
R70,R_0603_1608Metric_Pad0.98x0.95mm_HandSolder,1,1.5k,
R71,R_0603_1608Metric_Pad0.98x0.95mm_HandSolder,1,47,
R72,R_0603_1608Metric_Pad0.98x0.95mm_HandSolder,1,dnp,
R73,R_0603_1608Metric_Pad0.98x0.95mm_HandSolder,1,47,
R74,R_0603_1608Metric_Pad0.98x0.95mm_HandSolder,1,dnp,
R75,R_0603_1608Metric_Pad0.98x0.95mm_HandSolder,1,47,
R76,R_0603_1608Metric_Pad0.98x0.95mm_HandSolder,1,dnp,
R77,R_0603_1608Metric_Pad0.98x0.95mm_HandSolder,1,47,
R78,R_0603_1608Metric_Pad0.98x0.95mm_HandSolder,1,dnp,
R79,R_0603_1608Metric_Pad0.98x0.95mm_HandSolder,1,47,
R80,R_0603_1608Metric_Pad0.98x0.95mm_HandSolder,1,220,
R84,R_0805_2012Metric,1,0,
R85,R_0805_2012Metric,1,dnp,
R86,R_0805_2012Metric,1,150,
R87,R_0805_2012Metric,1,0,
R88,R_0805_2012Metric,1,dnp,
R89,R_0805_2012Metric,1,0R,
R90,R_0805_2012Metric,1,PTFR0805B3K30N9,
R91,R_0805_2012Metric,1,PTFR0805B3K30N9,
R92,R_0805_2012Metric,1,PTFR0805B3K30N9,
R93,R_0805_2012Metric,1,0R,
R94,R_0805_2012Metric,1,33,
R95,R_0805_2012Metric,1,270,
R96,R_0805_2012Metric,1,270,
R97,R_0805_2012Metric,1,100,
R98,R_1206_3216Metric,1,1k8,
R99,R_1206_3216Metric,1,2k2,
R100,R_1206_3216Metric,1,1k8,
R101,R_1206_3216Metric,1,2k2,
U2,SOT-89-3,1,PHA-13LN,
U3,SOT-89-3,1,PHA-13LN,
U4,SOIC-16_3.9x9.9mm_P1.27mm,1,74HC4051M/TR,
U5,SOIC-8_3.9x4.9mm_P1.27mm,1,ADA4075-2,
U6,SOIC-8_3.9x4.9mm_P1.27mm,1,ADG419BR,
U14,SOT-89-3,1,PHA-13LN,
U15,RF_Attenuator_Susumu_PAT1220,1,PAT1220-C-6DB,
U16,RF_Attenuator_Susumu_PAT1220,1,PAT1220-C-6DB,
U18,SOIC-14_3.9x8.7mm_P1.27mm,1,74HC04,
R106,R_0805_2012Metric,1,10,
R105,R_0805_2012Metric,1,10,
C130,C_0805_2012Metric,1,0.1uF,
JP13,SolderJumper-2_P1.3mm_Open_RoundedPad1.0x1.5mm,1,sjp,
L8,L_1008_2520Metric,1,FHW0805UCR47JGT,
IC1,SOIC127P600X175-8N,1,AD835ARZ,
R65,R_0805_2012Metric,1,dnp,
JP4,SolderJumper-2_P1.3mm_Open_RoundedPad1.0x1.5mm,1,sjp,
R45,R_0805_2012Metric,1,150,
R46,R_0805_2012Metric,1,220,
Q1,SOT-23,1,MMBT3906,
D10,D_SOD-323_HugePad,1,1N4148W,
R43,R_0805_2012Metric,1,100,
R138,R_0805_2012Metric,1,0R,
R64,R_0805_2012Metric,1,dnp,
Q4,TO-252-2,1,2SAR573,
C9,C_0603_1608Metric_Pad1.08x0.95mm_HandSolder,1,0.1uF,
Q3,TO-252-2,1,2SCR573,
C14,C_0603_1608Metric_Pad1.08x0.95mm_HandSolder,1,0.1uF,
R140,R_0805_2012Metric,1,0,
R51,R_0805_2012Metric,1,0,
R49,R_0805_2012Metric,1,1.5k,
C33,C_0805_2012Metric,1,0.1u,
R50,R_0805_2012Metric,1,dnp,
J15,U.FL_Hirose_U.FL-R-SMT-1_Vertical,1,u.fl,
R81,R_0603_1608Metric_Pad0.98x0.95mm_HandSolder,1,10k,
L7,L_Taiyo-Yuden_MD-3030,1,SWPA3012S4R7MT,
T2,MABA007532CF18A0,1,MABA-007532-CF18A0,
R104,R_0805_2012Metric,1,dnp,
U7,SOIC-8_3.9x4.9mm_P1.27mm,1,OP07,
D6,LED_0805_2012Metric_Pad1.15x1.40mm_HandSolder,1,NCD0805R1,
C64,C_0603_1608Metric_Pad1.08x0.95mm_HandSolder,1,0.1uF,
D7,LED_0805_2012Metric_Pad1.15x1.40mm_HandSolder,1,NCD0805R1,
C10,C_0805_2012Metric,1,1uF,
R52,R_0805_2012Metric,1,dnp,
D8,D_SOD-323_HugePad,1,1N4148W,
C65,C_0805_2012Metric,1,dnp,
C63,C_0805_2012Metric,1,1uF,
C57,C_0805_2012Metric,1,150p,
R62,R_0805_2012Metric,1,0,
R102,R_0805_2012Metric,1,PTFR0805B390RN9,
C7,C_0603_1608Metric_Pad1.08x0.95mm_HandSolder,1,10n,
L6,L_1008_2520Metric,1,FHW1008UCR47JGT,
R83,R_0603_1608Metric_Pad0.98x0.95mm_HandSolder,1,10k,
C13,C_0805_2012Metric,1,22p,
D9,D_SOD-323_HugePad,1,1N4148W,
U17,RF_Attenuator_Susumu_PAT1220,1,PAT1220-C-8DB,
R44,R_0805_2012Metric,1,470,
R60,R_0805_2012Metric,1,1.5k,
C11,C_0805_2012Metric,1,100p,
L10,L_1008_2520Metric,1,FHW1008UCR47JGT,
Q2,SOT-23,1,mmbt3904,
C17,C_0805_2012Metric,1,4.7n,
C8,C_0805_2012Metric,1,22p,
C54,C_1206_3216Metric,1,1u,
R42,R_0805_2012Metric,1,220,
C68,C_0805_2012Metric,1,dnp 100p,
R48,R_0805_2012Metric,1,dnp,
C16,C_0805_2012Metric,1,1uF,
C12,C_0603_1608Metric_Pad1.08x0.95mm_HandSolder,1,10n,
JP2,SolderJumper-2_P1.3mm_Open_RoundedPad1.0x1.5mm,1,sjp,
C56,C_1206_3216Metric,1,1u,
JP3,SolderJumper-2_P1.3mm_Open_RoundedPad1.0x1.5mm,1,sjp,
R103,R_0805_2012Metric,1,PTFR0805B390RN9,
R82,R_0603_1608Metric_Pad0.98x0.95mm_HandSolder,1,10k,
C36,C_1206_3216Metric,1,1u,
C15,C_0805_2012Metric,1,4.7n,
R61,R_0805_2012Metric,1,dnp,
L9,L_Taiyo-Yuden_MD-3030,1,SWPA3012S4R7MT,
U19,RF_Attenuator_Susumu_PAT1220,1,PAT1220-C-8DB,
C74,C_0805_2012Metric,1,dnp,
U20,RF_Attenuator_Susumu_PAT1220,1,PAT1220-C-8DB,
R63,R_0805_2012Metric,1,dnp,
R47,R_0805_2012Metric,1,100,
T1,MABA007532CF18A0,1,MABA-007532-CF18A0,
D11,D_SOD-323_HugePad,1,1N4148W,
C58,C_0805_2012Metric,1,150p,
R139,R_0805_2012Metric,1,1.5k,
